id,divisions,tags
Reg_Ryanyang@anu.com,d_20/d_21/d_22,Human
Reg_Ryanyang@anu.com,d_20/d_21/d_22,Human
Reg_Ryanyang@anu.com,d_20/d_21/d_22,Human
Reg_Ryanyang@anu.com,d_20/d_21/d_22,Human
Reg_Ryanyang@anu.com,d_20/d_21/d_22,Human
Reg_Ryanyang@anu.com,d_20/d_21/d_22,Human
Reg_Ryanyang@anu.com,d_20/d_21/d_22,Human
Reg_Ryanyang@anu.com,d_20/d_21/d_22,Human
Reg_Ryanyang@anu.com,d_20/d_21/d_22,Human
Reg_Ryanyang@anu.com,d_20/d_21/d_22,Human
Reg_Ryanyang@anu.com,d_20/d_21/d_22,Human
Reg_Ryanyang@anu.com,d_20/d_21/d_22,Human
Reg_a@a.com,d_04/d_05/d_06,Health
Reg_Ryanyang@anu.com,d_20/d_21/d_22,Human
Reg_test@0.com,d_08/d_09/d_10,
Reg_test@0.com,d_08/d_09/d_10,
Reg_test@0.com,d_08/d_09/d_10,
Reg_test@0.com,d_08/d_09/d_10,
Reg_test@0.com,d_08/d_09/d_10,
Reg_test@0.com,d_08/d_09/d_10,
Reg_test@0.com,d_08/d_09/d_10,
Reg_test@0.com,d_08/d_09/d_10,
Reg_test@0.com,d_08/d_09/d_10,
Reg_test@0.com,d_08/d_09/d_10,
