Tags,cate_1,cate_2,cate_3
accountability,DIVISION 23 OTHERS(RELEVANT),,
accountability,DIVISION 23 OTHERS(RELEVANT),,
aesthetics,DIVISION 19 STUDIES IN CREATIVE ARTS AND WRITING,,
aesthetics,DIVISION 19 STUDIES IN CREATIVE ARTS AND WRITING,,
agriculture,DIVISION 07 AGRICULTURAL AND VETERINARY SCIENCES,,
agriculture,DIVISION 07 AGRICULTURAL AND VETERINARY SCIENCES,,
anxiety,DIVISION 17 PSYCHOLOGY AND COGNITIVE SCIENCES,,
anxiety,DIVISION 17 PSYCHOLOGY AND COGNITIVE SCIENCES,,
anxiety,DIVISION 17 PSYCHOLOGY AND COGNITIVE SCIENCES,,
anxiety,DIVISION 17 PSYCHOLOGY AND COGNITIVE SCIENCES,,
art,DIVISION 19 STUDIES IN CREATIVE ARTS AND WRITING,,
art,DIVISION 19 STUDIES IN CREATIVE ARTS AND WRITING,,
artificial intelligence,DIVISION 09 ENGINEERING,,
artificial intelligence,DIVISION 09 ENGINEERING,,
body mass index,DIVISION 06 BIOLOGICAL SCIENCES,DIVISION 11 MEDICAL AND HEALTH SCIENCES,
body mass index,DIVISION 06 BIOLOGICAL SCIENCES,DIVISION 11 MEDICAL AND HEALTH SCIENCES,
body size,DIVISION 06 BIOLOGICAL SCIENCES,DIVISION 11 MEDICAL AND HEALTH SCIENCES,
body size,DIVISION 06 BIOLOGICAL SCIENCES,DIVISION 11 MEDICAL AND HEALTH SCIENCES,
chromosomes,DIVISION 06 BIOLOGICAL SCIENCES,,
chromosomes,DIVISION 06 BIOLOGICAL SCIENCES,,
cloud computing,DIVISION 08 INFORMATION AND COMPUTING SCIENCES,DIVISION 10 TECHNOLOGY,
cloud computing,DIVISION 08 INFORMATION AND COMPUTING SCIENCES,DIVISION 10 TECHNOLOGY,
conservation,DIVISION 24 OTHERS(IRRELEVANT),,
conservation,DIVISION 24 OTHERS(IRRELEVANT),,
creativity,DIVISION 19 STUDIES IN CREATIVE ARTS AND WRITING,"DIVISION 20 LANGUAGE, COMMUNICATION AND CULTURE",
creativity,DIVISION 19 STUDIES IN CREATIVE ARTS AND WRITING,"DIVISION 20 LANGUAGE, COMMUNICATION AND CULTURE",
criticism,DIVISION 19 STUDIES IN CREATIVE ARTS AND WRITING,,
criticism,DIVISION 19 STUDIES IN CREATIVE ARTS AND WRITING,,
drugs,DIVISION 11 MEDICAL AND HEALTH SCIENCES,,
drugs,DIVISION 11 MEDICAL AND HEALTH SCIENCES,,
education,DIVISION 13 EDUCATION,,
education,DIVISION 13 EDUCATION,,
endangered species,DIVISION 06 BIOLOGICAL SCIENCES,,
endangered species,DIVISION 06 BIOLOGICAL SCIENCES,,
energy,DIVISION 02 PHYSICAL SCIENCES,,
energy,DIVISION 02 PHYSICAL SCIENCES,,
energy efficiency,DIVISION 02 PHYSICAL SCIENCES,,
energy efficiency,DIVISION 02 PHYSICAL SCIENCES,,
equity,DIVISION 23 OTHERS(RELEVANT),,
equity,DIVISION 23 OTHERS(RELEVANT),,
infection,DIVISION 11 MEDICAL AND HEALTH SCIENCES,,
infection,DIVISION 11 MEDICAL AND HEALTH SCIENCES,,
information technology,DIVISION 08 INFORMATION AND COMPUTING SCIENCES,,
information technology,DIVISION 08 INFORMATION AND COMPUTING SCIENCES,,
information technology,DIVISION 08 INFORMATION AND COMPUTING SCIENCES,,
learning,DIVISION 13 EDUCATION,,
learning,DIVISION 13 EDUCATION,,
lipids,DIVISION 06 BIOLOGICAL SCIENCES,DIVISION 03 CHEMICAL SCIENCES,
lipids,DIVISION 06 BIOLOGICAL SCIENCES,DIVISION 03 CHEMICAL SCIENCES,
local government,DIVISION 16 STUDIES IN HUMAN SOCIETY,,
local government,DIVISION 16 STUDIES IN HUMAN SOCIETY,,
microsatellite repeats,DIVISION 09 ENGINEERING,,
microsatellite repeats,DIVISION 09 ENGINEERING,,
new media,DIVISION 08 INFORMATION AND COMPUTING SCIENCES,DIVISION 19 STUDIES IN CREATIVE ARTS AND WRITING,
new media,DIVISION 08 INFORMATION AND COMPUTING SCIENCES,DIVISION 19 STUDIES IN CREATIVE ARTS AND WRITING,
participation,DIVISION 24 OTHERS(IRRELEVANT),,
participation,DIVISION 24 OTHERS(IRRELEVANT),,
pathology,DIVISION 11 MEDICAL AND HEALTH SCIENCES,,
pathology,DIVISION 11 MEDICAL AND HEALTH SCIENCES,,
politics,DIVISION 16 STUDIES IN HUMAN SOCIETY,DIVISION 21 HISTORY AND ARCHAEOLOGY,
politics,DIVISION 16 STUDIES IN HUMAN SOCIETY,DIVISION 21 HISTORY AND ARCHAEOLOGY,
polymorphism,DIVISION 16 STUDIES IN HUMAN SOCIETY,,
polymorphism,DIVISION 16 STUDIES IN HUMAN SOCIETY,,
poverty,DIVISION 16 STUDIES IN HUMAN SOCIETY,,
poverty,DIVISION 16 STUDIES IN HUMAN SOCIETY,,
public health,DIVISION 11 MEDICAL AND HEALTH SCIENCES,DIVISION 17 PSYCHOLOGY AND COGNITIVE SCIENCES,
public health,DIVISION 11 MEDICAL AND HEALTH SCIENCES,DIVISION 17 PSYCHOLOGY AND COGNITIVE SCIENCES,
public health,DIVISION 11 MEDICAL AND HEALTH SCIENCES,,
quantitative analysis,DIVISION 23 OTHERS(RELEVANT),,
quantitative analysis,DIVISION 23 OTHERS(RELEVANT),,
regression analysis,DIVISION 01 MATHEMATICAL SCIENCES,,
regression analysis,DIVISION 01 MATHEMATICAL SCIENCES,,
self-efficacy,DIVISION 17 PSYCHOLOGY AND COGNITIVE SCIENCES,,
self-efficacy,DIVISION 17 PSYCHOLOGY AND COGNITIVE SCIENCES,,
self-efficacy,DIVISION 11 MEDICAL AND HEALTH SCIENCES,,
self-efficacy,DIVISION 17 PSYCHOLOGY AND COGNITIVE SCIENCES,,
soccer,DIVISION 13 EDUCATION,,
soccer,DIVISION 13 EDUCATION,,
social media,DIVISION 16 STUDIES IN HUMAN SOCIETY,DIVISION 08 INFORMATION AND COMPUTING SCIENCES,
social media,DIVISION 16 STUDIES IN HUMAN SOCIETY,DIVISION 08 INFORMATION AND COMPUTING SCIENCES,
teaching,DIVISION 13 EDUCATION,,
teaching,DIVISION 13 EDUCATION,,
temperature,DIVISION 02 PHYSICAL SCIENCES,,
temperature,DIVISION 02 PHYSICAL SCIENCES,,
therapeutics,DIVISION 17 PSYCHOLOGY AND COGNITIVE SCIENCES,,
therapeutics,DIVISION 17 PSYCHOLOGY AND COGNITIVE SCIENCES,,
transparency,,,
transparency,,,
exercise test,DIVISION 11 MEDICAL AND HEALTH SCIENCES,DIVISION 17 PSYCHOLOGY AND COGNITIVE SCIENCES,
exercise test,DIVISION 11 MEDICAL AND HEALTH SCIENCES,,
gastrointestinal tract,DIVISION 06 BIOLOGICAL SCIENCES,DIVISION 10 TECHNOLOGY,DIVISION 11 MEDICAL AND HEALTH SCIENCES
gastrointestinal tract,DIVISION 11 MEDICAL AND HEALTH SCIENCES,,
gastrointestinal tract,DIVISION 11 MEDICAL AND HEALTH SCIENCES,,
inbreeding,DIVISION 06 BIOLOGICAL SCIENCES,DIVISION 11 MEDICAL AND HEALTH SCIENCES,
inbreeding,DIVISION 06 BIOLOGICAL SCIENCES,,
inbreeding,DIVISION 06 BIOLOGICAL SCIENCES,,
inbreeding,DIVISION 06 BIOLOGICAL SCIENCES,,
bangladesh,DIVISION 24 OTHERS(IRRELEVANT),,
bangladesh,DIVISION 24 OTHERS(IRRELEVANT),,
bangladesh,DIVISION 24 OTHERS(IRRELEVANT),,
soil,DIVISION 04 EARTH SCIENCES,DIVISION 06 BIOLOGICAL SCIENCES,
soil,DIVISION 07 AGRICULTURAL AND VETERINARY SCIENCES,,
nutrition,DIVISION 11 MEDICAL AND HEALTH SCIENCES,,
nutrition,DIVISION 11 MEDICAL AND HEALTH SCIENCES,,
contamination,DIVISION 05 ENVIRONMENTAL SCIENCES,,
contamination,DIVISION 05 ENVIRONMENTAL SCIENCES,,
dementia,DIVISION 11 MEDICAL AND HEALTH SCIENCES,,
dementia,DIVISION 11 MEDICAL AND HEALTH SCIENCES,,
birds,DIVISION 06 BIOLOGICAL SCIENCES,DIVISION 10 TECHNOLOGY,DIVISION 06 BIOLOGICAL SCIENCES
birds,DIVISION 07 AGRICULTURAL AND VETERINARY SCIENCES,,
arbitration,DIVISION 18 LAW AND LEGAL STUDIES COGNITIVE SCIENCES,,
arbitration,"DIVISION 15 COMMERCE, MANAGEMENT, TOURISM AND SERVICES",,
polarization,DIVISION 02 PHYSICAL SCIENCES,,
polarization,DIVISION 10 TECHNOLOGY,,
body image,DIVISION 06 BIOLOGICAL SCIENCES,DIVISION 11 MEDICAL AND HEALTH SCIENCES,
body image,DIVISION 11 MEDICAL AND HEALTH SCIENCES,,
diploidy,DIVISION 06 BIOLOGICAL SCIENCES,,DIVISION 06 BIOLOGICAL SCIENCES
diploidy,DIVISION 06 BIOLOGICAL SCIENCES,,
diploidy,DIVISION 06 BIOLOGICAL SCIENCES,,
decision making,DIVISION 23 OTHERS(RELEVANT),,
decision making,"DIVISION 15 COMMERCE, MANAGEMENT, TOURISM AND SERVICES",,
decision making,DIVISION 24 OTHERS(IRRELEVANT),,
integrity,DIVISION 24 OTHERS(IRRELEVANT),,
integrity,DIVISION 24 OTHERS(IRRELEVANT),,
intercultural learning,DIVISION 13 EDUCATION,"DIVISION 20 LANGUAGE, COMMUNICATION AND CULTURE",
intercultural learning,"DIVISION 20 LANGUAGE, COMMUNICATION AND CULTURE",,
intercultural learning,"DIVISION 20 LANGUAGE, COMMUNICATION AND CULTURE",DIVISION 16 STUDIES IN HUMAN SOCIETY,
life history,DIVISION 21 HISTORY AND ARCHAEOLOGY,DIVISION 18 LAW AND LEGAL STUDIES COGNITIVE SCIENCES,
life history,DIVISION 21 HISTORY AND ARCHAEOLOGY,,
life history,DIVISION 24 OTHERS(IRRELEVANT),,
social structure,DIVISION 16 STUDIES IN HUMAN SOCIETY,,
social structure,DIVISION 16 STUDIES IN HUMAN SOCIETY,,
social structure,DIVISION 16 STUDIES IN HUMAN SOCIETY,,
planning,DIVISION 24 OTHERS(IRRELEVANT),,
planning,DIVISION 24 OTHERS(IRRELEVANT),,
public interest,DIVISION 16 STUDIES IN HUMAN SOCIETY,DIVISION 18 LAW AND LEGAL STUDIES COGNITIVE SCIENCES,
public interest,DIVISION 16 STUDIES IN HUMAN SOCIETY,,
water quality,DIVISION 04 EARTH SCIENCES,,
water quality,DIVISION 05 ENVIRONMENTAL SCIENCES,,
habits,DIVISION 17 PSYCHOLOGY AND COGNITIVE SCIENCES,,
habits,DIVISION 11 MEDICAL AND HEALTH SCIENCES,,
antioxidants,DIVISION 17 PSYCHOLOGY AND COGNITIVE SCIENCES,,
antioxidants,DIVISION 03 CHEMICAL SCIENCES,,
reptiles,DIVISION 07 AGRICULTURAL AND VETERINARY SCIENCES,DIVISION 10 TECHNOLOGY,
reptiles,DIVISION 07 AGRICULTURAL AND VETERINARY SCIENCES,,
facebook,"DIVISION 20 LANGUAGE, COMMUNICATION AND CULTURE",DIVISION 17 PSYCHOLOGY AND COGNITIVE SCIENCES,
facebook,"DIVISION 20 LANGUAGE, COMMUNICATION AND CULTURE",DIVISION 17 PSYCHOLOGY AND COGNITIVE SCIENCES,
corporate governance,DIVISION 24 OTHERS(IRRELEVANT),,
corporate governance,"DIVISION 15 COMMERCE, MANAGEMENT, TOURISM AND SERVICES",,
population growth,DIVISION 16 STUDIES IN HUMAN SOCIETY,,
population growth,DIVISION 16 STUDIES IN HUMAN SOCIETY,,
apoptosis,DIVISION 06 BIOLOGICAL SCIENCES,,
apoptosis,DIVISION 06 BIOLOGICAL SCIENCES,,
apoptosis,DIVISION 06 BIOLOGICAL SCIENCES,,
quinine,DIVISION 11 MEDICAL AND HEALTH SCIENCES,,
quinine,DIVISION 11 MEDICAL AND HEALTH SCIENCES,,
construction industry,DIVISION 12 BUILT ENVIRONMENT AND DESIGN,,
construction industry,DIVISION 12 BUILT ENVIRONMENT AND DESIGN,,
construction industry,DIVISION 14 ECONOMICS,"DIVISION 15 COMMERCE, MANAGEMENT, TOURISM AND SERVICES",
emotion,DIVISION 17 PSYCHOLOGY AND COGNITIVE SCIENCES,,
emotion,DIVISION 17 PSYCHOLOGY AND COGNITIVE SCIENCES,,
phylogeography,DIVISION 04 EARTH SCIENCES,,
phylogeography,DIVISION 04 EARTH SCIENCES,,
food supply,DIVISION 23 OTHERS(RELEVANT),,
food supply,DIVISION 07 AGRICULTURAL AND VETERINARY SCIENCES,,
food supply,"DIVISION 15 COMMERCE, MANAGEMENT, TOURISM AND SERVICES",DIVISION 09 ENGINEERING,DIVISION 07 AGRICULTURAL AND VETERINARY SCIENCES
food supply,"DIVISION 15 COMMERCE, MANAGEMENT, TOURISM AND SERVICES",DIVISION 09 ENGINEERING,DIVISION 07 AGRICULTURAL AND VETERINARY SCIENCES
systematic review,DIVISION 23 OTHERS(RELEVANT),,
systematic review,DIVISION 23 OTHERS(RELEVANT),,
performance measurement,DIVISION 23 OTHERS(RELEVANT),,
performance measurement,DIVISION 24 OTHERS(IRRELEVANT),,
social isolation,DIVISION 16 STUDIES IN HUMAN SOCIETY,,
social isolation,DIVISION 17 PSYCHOLOGY AND COGNITIVE SCIENCES,,
grassland,DIVISION 04 EARTH SCIENCES,DIVISION 06 BIOLOGICAL SCIENCES,
grassland,DIVISION 04 EARTH SCIENCES,,
ownership,DIVISION 18 LAW AND LEGAL STUDIES COGNITIVE SCIENCES,,
ownership,DIVISION 18 LAW AND LEGAL STUDIES COGNITIVE SCIENCES,,
ownership,DIVISION 18 LAW AND LEGAL STUDIES COGNITIVE SCIENCES,,
ownership,DIVISION 18 LAW AND LEGAL STUDIES COGNITIVE SCIENCES,,
television,DIVISION 09 ENGINEERING,DIVISION 08 INFORMATION AND COMPUTING SCIENCES,DIVISION 10 TECHNOLOGY
television,DIVISION 09 ENGINEERING,,
village,DIVISION 07 AGRICULTURAL AND VETERINARY SCIENCES,,
village,DIVISION 07 AGRICULTURAL AND VETERINARY SCIENCES,,
athletes,DIVISION 13 EDUCATION,,
athletes,DIVISION 11 MEDICAL AND HEALTH SCIENCES,,
chromosome mapping,DIVISION 06 BIOLOGICAL SCIENCES,DIVISION 10 TECHNOLOGY,
chromosome mapping,DIVISION 06 BIOLOGICAL SCIENCES,,
chromosome mapping,DIVISION 11 MEDICAL AND HEALTH SCIENCES,DIVISION 06 BIOLOGICAL SCIENCES,DIVISION 09 ENGINEERING
cost-benefit analysis,DIVISION 23 OTHERS(RELEVANT),,
cost-benefit analysis,DIVISION 14 ECONOMICS,,
cost-benefit analysis,"DIVISION 15 COMMERCE, MANAGEMENT, TOURISM AND SERVICES",DIVISION 01 MATHEMATICAL SCIENCES,
cost-benefit analysis,"DIVISION 15 COMMERCE, MANAGEMENT, TOURISM AND SERVICES",DIVISION 01 MATHEMATICAL SCIENCES,
cluster analysis,DIVISION 08 INFORMATION AND COMPUTING SCIENCES,,
cluster analysis,DIVISION 08 INFORMATION AND COMPUTING SCIENCES,,
cluster analysis,DIVISION 23 OTHERS(RELEVANT),,
disaster,DIVISION 05 ENVIRONMENTAL SCIENCES,,
disaster,DIVISION 11 MEDICAL AND HEALTH SCIENCES,,
private sector,DIVISION 14 ECONOMICS,DIVISION 18 LAW AND LEGAL STUDIES COGNITIVE SCIENCES,
private sector,DIVISION 16 STUDIES IN HUMAN SOCIETY,,
cultural diversity,DIVISION 19 STUDIES IN CREATIVE ARTS AND WRITING,DIVISION 21 HISTORY AND ARCHAEOLOGY,
cultural diversity,"DIVISION 20 LANGUAGE, COMMUNICATION AND CULTURE",,
forestry,DIVISION 04 EARTH SCIENCES,DIVISION 06 BIOLOGICAL SCIENCES,
forestry,DIVISION 07 AGRICULTURAL AND VETERINARY SCIENCES,,
benchmarking,DIVISION 24 OTHERS(IRRELEVANT),,
benchmarking,DIVISION 08 INFORMATION AND COMPUTING SCIENCES,,
labor,DIVISION 16 STUDIES IN HUMAN SOCIETY,,
labor,DIVISION 16 STUDIES IN HUMAN SOCIETY,,
environmental policy,DIVISION 05 ENVIRONMENTAL SCIENCES,DIVISION 18 LAW AND LEGAL STUDIES COGNITIVE SCIENCES,
environmental policy,DIVISION 05 ENVIRONMENTAL SCIENCES,,
environmental policy,DIVISION 05 ENVIRONMENTAL SCIENCES,DIVISION 06 BIOLOGICAL SCIENCES,
storage conditions,DIVISION 24 OTHERS(IRRELEVANT),,
storage conditions,DIVISION 07 AGRICULTURAL AND VETERINARY SCIENCES,,
storage conditions,"DIVISION 15 COMMERCE, MANAGEMENT, TOURISM AND SERVICES",DIVISION 23 OTHERS(RELEVANT),
wine,DIVISION 09 ENGINEERING,DIVISION 07 AGRICULTURAL AND VETERINARY SCIENCES,
wine,DIVISION 09 ENGINEERING,,
wine,DIVISION 09 ENGINEERING,DIVISION 07 AGRICULTURAL AND VETERINARY SCIENCES,
populism,DIVISION 21 HISTORY AND ARCHAEOLOGY,,
populism,DIVISION 16 STUDIES IN HUMAN SOCIETY,,
globalization,"DIVISION 15 COMMERCE, MANAGEMENT, TOURISM AND SERVICES",,
globalization,"DIVISION 15 COMMERCE, MANAGEMENT, TOURISM AND SERVICES",,
social capital,DIVISION 16 STUDIES IN HUMAN SOCIETY,DIVISION 14 ECONOMICS,
social capital,"DIVISION 15 COMMERCE, MANAGEMENT, TOURISM AND SERVICES",,
assemblages,DIVISION 23 OTHERS(RELEVANT),,DIVISION 02 PHYSICAL SCIENCES
assemblages,DIVISION 24 OTHERS(IRRELEVANT),,
assemblages,DIVISION 21 HISTORY AND ARCHAEOLOGY,DIVISION 06 BIOLOGICAL SCIENCES,DIVISION 04 EARTH SCIENCES
policy making,DIVISION 23 OTHERS(RELEVANT),,
policy making,DIVISION 16 STUDIES IN HUMAN SOCIETY,,
family,DIVISION 24 OTHERS(IRRELEVANT),,
family,DIVISION 11 MEDICAL AND HEALTH SCIENCES,,
family,DIVISION 24 OTHERS(IRRELEVANT),,
economic change,DIVISION 14 ECONOMICS,,
economic change,DIVISION 14 ECONOMICS,,
economic change,DIVISION 14 ECONOMICS,,
project management,"DIVISION 15 COMMERCE, MANAGEMENT, TOURISM AND SERVICES",,
project management,"DIVISION 15 COMMERCE, MANAGEMENT, TOURISM AND SERVICES",,
project management,"DIVISION 15 COMMERCE, MANAGEMENT, TOURISM AND SERVICES",DIVISION 09 ENGINEERING,
mediation,DIVISION 18 LAW AND LEGAL STUDIES COGNITIVE SCIENCES,,
mediation,DIVISION 23 OTHERS(RELEVANT),,
land use,DIVISION 12 BUILT ENVIRONMENT AND DESIGN,,
land use,DIVISION 12 BUILT ENVIRONMENT AND DESIGN,,
land use,DIVISION 12 BUILT ENVIRONMENT AND DESIGN,,
pandemics,DIVISION 11 MEDICAL AND HEALTH SCIENCES,,
pandemics,DIVISION 11 MEDICAL AND HEALTH SCIENCES,,
risk assessment,DIVISION 24 OTHERS(IRRELEVANT),,
risk assessment,DIVISION 23 OTHERS(RELEVANT),,
risk assessment,DIVISION 23 OTHERS(RELEVANT),,
biodiversity,DIVISION 05 ENVIRONMENTAL SCIENCES,,
biodiversity,DIVISION 05 ENVIRONMENTAL SCIENCES,,
physical activity,DIVISION 11 MEDICAL AND HEALTH SCIENCES,,
physical activity,DIVISION 17 PSYCHOLOGY AND COGNITIVE SCIENCES,,
marketing,DIVISION 14 ECONOMICS,,
marketing,"DIVISION 15 COMMERCE, MANAGEMENT, TOURISM AND SERVICES",,
marketing,"DIVISION 15 COMMERCE, MANAGEMENT, TOURISM AND SERVICES",,
marketing,"DIVISION 15 COMMERCE, MANAGEMENT, TOURISM AND SERVICES",,
mitochondrial dna,DIVISION 06 BIOLOGICAL SCIENCES,DIVISION 10 TECHNOLOGY,
mitochondrial dna,DIVISION 06 BIOLOGICAL SCIENCES,,
neural networks,DIVISION 08 INFORMATION AND COMPUTING SCIENCES,DIVISION 10 TECHNOLOGY,DIVISION 17 PSYCHOLOGY AND COGNITIVE SCIENCES
neural networks,DIVISION 11 MEDICAL AND HEALTH SCIENCES,,
cultural heritage,"DIVISION 20 LANGUAGE, COMMUNICATION AND CULTURE",,
cultural heritage,"DIVISION 20 LANGUAGE, COMMUNICATION AND CULTURE",,
beverages,DIVISION 09 ENGINEERING,DIVISION 11 MEDICAL AND HEALTH SCIENCES,DIVISION 17 PSYCHOLOGY AND COGNITIVE SCIENCES
beverages,DIVISION 11 MEDICAL AND HEALTH SCIENCES,,
deliberative democracy,DIVISION 16 STUDIES IN HUMAN SOCIETY,,
deliberative democracy,DIVISION 16 STUDIES IN HUMAN SOCIETY,,
water,DIVISION 04 EARTH SCIENCES,DIVISION 06 BIOLOGICAL SCIENCES,
water,DIVISION 05 ENVIRONMENTAL SCIENCES,,
news,DIVISION 08 INFORMATION AND COMPUTING SCIENCES,,
news,DIVISION 19 STUDIES IN CREATIVE ARTS AND WRITING,,
voting,DIVISION 24 OTHERS(IRRELEVANT),,
voting,DIVISION 16 STUDIES IN HUMAN SOCIETY,,
voting,DIVISION 16 STUDIES IN HUMAN SOCIETY,,
choice behavior,DIVISION 17 PSYCHOLOGY AND COGNITIVE SCIENCES,,
choice behavior,DIVISION 17 PSYCHOLOGY AND COGNITIVE SCIENCES,,
choice behavior,DIVISION 17 PSYCHOLOGY AND COGNITIVE SCIENCES,,
retirement,DIVISION 16 STUDIES IN HUMAN SOCIETY,,
retirement,DIVISION 16 STUDIES IN HUMAN SOCIETY,,
liability,"DIVISION 15 COMMERCE, MANAGEMENT, TOURISM AND SERVICES",,
liability,DIVISION 16 STUDIES IN HUMAN SOCIETY,,
writer,DIVISION 24 OTHERS(IRRELEVANT),,
writer,DIVISION 19 STUDIES IN CREATIVE ARTS AND WRITING,,
mass spectrometry,DIVISION 02 PHYSICAL SCIENCES,,
mass spectrometry,DIVISION 02 PHYSICAL SCIENCES,,
industry,DIVISION 24 OTHERS(IRRELEVANT),,
industry,DIVISION 09 ENGINEERING,,
neoliberalism,"DIVISION 20 LANGUAGE, COMMUNICATION AND CULTURE",,
neoliberalism,DIVISION 16 STUDIES IN HUMAN SOCIETY,,
engineer,DIVISION 09 ENGINEERING,,
engineer,DIVISION 09 ENGINEERING,,
engineer,DIVISION 09 ENGINEERING,,
information and communication technology,DIVISION 08 INFORMATION AND COMPUTING SCIENCES,,
information and communication technology,DIVISION 08 INFORMATION AND COMPUTING SCIENCES,,
mortality,DIVISION 11 MEDICAL AND HEALTH SCIENCES,,
mortality,DIVISION 17 PSYCHOLOGY AND COGNITIVE SCIENCES,,
income tax,DIVISION 14 ECONOMICS,,
income tax,DIVISION 14 ECONOMICS,,
political economy,DIVISION 16 STUDIES IN HUMAN SOCIETY,DIVISION 14 ECONOMICS,
political economy,DIVISION 14 ECONOMICS,,
methodology,DIVISION 24 OTHERS(IRRELEVANT),,
methodology,DIVISION 23 OTHERS(RELEVANT),,
corruption,DIVISION 18 LAW AND LEGAL STUDIES COGNITIVE SCIENCES,DIVISION 08 INFORMATION AND COMPUTING SCIENCES,"DIVISION 20 LANGUAGE, COMMUNICATION AND CULTURE"
corruption,DIVISION 16 STUDIES IN HUMAN SOCIETY,,
assays,DIVISION 06 BIOLOGICAL SCIENCES,,
assays,DIVISION 06 BIOLOGICAL SCIENCES,,
gene expression,DIVISION 06 BIOLOGICAL SCIENCES,,
gene expression,DIVISION 06 BIOLOGICAL SCIENCES,,
torsades de pointes,,,
torsades de pointes,DIVISION 11 MEDICAL AND HEALTH SCIENCES,,
torsades de pointes,DIVISION 11 MEDICAL AND HEALTH SCIENCES,,
livestock,DIVISION 07 AGRICULTURAL AND VETERINARY SCIENCES,,
livestock,DIVISION 07 AGRICULTURAL AND VETERINARY SCIENCES,,
livestock,DIVISION 07 AGRICULTURAL AND VETERINARY SCIENCES,,
resources,DIVISION 24 OTHERS(IRRELEVANT),,
resources,DIVISION 05 ENVIRONMENTAL SCIENCES,,
cultural identity,"DIVISION 20 LANGUAGE, COMMUNICATION AND CULTURE",,
cultural identity,"DIVISION 20 LANGUAGE, COMMUNICATION AND CULTURE",,
autonomy,DIVISION 18 LAW AND LEGAL STUDIES COGNITIVE SCIENCES,DIVISION 21 HISTORY AND ARCHAEOLOGY,
autonomy,DIVISION 09 ENGINEERING,,
social responsibility,DIVISION 16 STUDIES IN HUMAN SOCIETY,,
social responsibility,DIVISION 16 STUDIES IN HUMAN SOCIETY,,
gene flow,DIVISION 06 BIOLOGICAL SCIENCES,,
gene flow,DIVISION 06 BIOLOGICAL SCIENCES,,
police,DIVISION 18 LAW AND LEGAL STUDIES COGNITIVE SCIENCES,,
police,DIVISION 18 LAW AND LEGAL STUDIES COGNITIVE SCIENCES,,
acclimatization,DIVISION 04 EARTH SCIENCES,DIVISION 11 MEDICAL AND HEALTH SCIENCES,DIVISION 17 PSYCHOLOGY AND COGNITIVE SCIENCES
acclimatization,DIVISION 11 MEDICAL AND HEALTH SCIENCES,,
acclimatization,DIVISION 11 MEDICAL AND HEALTH SCIENCES,,
economic growth,DIVISION 14 ECONOMICS,,
economic growth,DIVISION 14 ECONOMICS,,
statistics,DIVISION 01 MATHEMATICAL SCIENCES,,
statistics,DIVISION 01 MATHEMATICAL SCIENCES,,
learning algorithms,DIVISION 08 INFORMATION AND COMPUTING SCIENCES,,
learning algorithms,DIVISION 08 INFORMATION AND COMPUTING SCIENCES,,
learning algorithms,DIVISION 08 INFORMATION AND COMPUTING SCIENCES,,
assault,DIVISION 24 OTHERS(IRRELEVANT),,
assault,DIVISION 16 STUDIES IN HUMAN SOCIETY,,
assault,DIVISION 24 OTHERS(IRRELEVANT),,
income,DIVISION 14 ECONOMICS,,
income,DIVISION 14 ECONOMICS,,
taxes,DIVISION 14 ECONOMICS,DIVISION 18 LAW AND LEGAL STUDIES COGNITIVE SCIENCES,
taxes,DIVISION 14 ECONOMICS,,
natural resources,DIVISION 10 TECHNOLOGY,,DIVISION 06 BIOLOGICAL SCIENCES
natural resources,DIVISION 05 ENVIRONMENTAL SCIENCES,,
broadcasting,DIVISION 10 TECHNOLOGY,,
broadcasting,"DIVISION 20 LANGUAGE, COMMUNICATION AND CULTURE",,
pain,DIVISION 11 MEDICAL AND HEALTH SCIENCES,,
pain,DIVISION 11 MEDICAL AND HEALTH SCIENCES,,
machine learning,DIVISION 08 INFORMATION AND COMPUTING SCIENCES,,
machine learning,DIVISION 08 INFORMATION AND COMPUTING SCIENCES,,
health,DIVISION 11 MEDICAL AND HEALTH SCIENCES,,
health,DIVISION 11 MEDICAL AND HEALTH SCIENCES,,
diet,DIVISION 11 MEDICAL AND HEALTH SCIENCES,,
diet,DIVISION 11 MEDICAL AND HEALTH SCIENCES,,
staff,DIVISION 24 OTHERS(IRRELEVANT),,
staff,DIVISION 16 STUDIES IN HUMAN SOCIETY,,
latent class analysis,DIVISION 08 INFORMATION AND COMPUTING SCIENCES,"DIVISION 20 LANGUAGE, COMMUNICATION AND CULTURE",
latent class analysis,DIVISION 23 OTHERS(RELEVANT),,
latent class analysis,DIVISION 16 STUDIES IN HUMAN SOCIETY,DIVISION 24 OTHERS(IRRELEVANT),
waist circumference,DIVISION 11 MEDICAL AND HEALTH SCIENCES,,
waist circumference,DIVISION 11 MEDICAL AND HEALTH SCIENCES,,
widowhood,DIVISION 24 OTHERS(IRRELEVANT),,
widowhood,DIVISION 11 MEDICAL AND HEALTH SCIENCES,,
widowhood,DIVISION 24 OTHERS(IRRELEVANT),,
legal system,DIVISION 18 LAW AND LEGAL STUDIES COGNITIVE SCIENCES,,
legal system,DIVISION 18 LAW AND LEGAL STUDIES COGNITIVE SCIENCES,,
deliberation,DIVISION 16 STUDIES IN HUMAN SOCIETY,DIVISION 21 HISTORY AND ARCHAEOLOGY,
deliberation,DIVISION 16 STUDIES IN HUMAN SOCIETY,,
archaeology,DIVISION 21 HISTORY AND ARCHAEOLOGY,,
archaeology,DIVISION 21 HISTORY AND ARCHAEOLOGY,,
budget,DIVISION 24 OTHERS(IRRELEVANT),,
budget,DIVISION 14 ECONOMICS,,
budget,"DIVISION 15 COMMERCE, MANAGEMENT, TOURISM AND SERVICES",DIVISION 16 STUDIES IN HUMAN SOCIETY,DIVISION 23 OTHERS(RELEVANT)
coal,DIVISION 04 EARTH SCIENCES,,
coal,DIVISION 04 EARTH SCIENCES,,
tissue,,,
tissue,DIVISION 11 MEDICAL AND HEALTH SCIENCES,,
video cameras,DIVISION 08 INFORMATION AND COMPUTING SCIENCES,,DIVISION 10 TECHNOLOGY
video cameras,DIVISION 09 ENGINEERING,,
video cameras,DIVISION 09 ENGINEERING,DIVISION 19 STUDIES IN CREATIVE ARTS AND WRITING,"DIVISION 20 LANGUAGE, COMMUNICATION AND CULTURE"
present,DIVISION 24 OTHERS(IRRELEVANT),,
present,DIVISION 24 OTHERS(IRRELEVANT),,
present,DIVISION 24 OTHERS(IRRELEVANT),,
scalability,DIVISION 23 OTHERS(RELEVANT),,
scalability,DIVISION 24 OTHERS(IRRELEVANT),,
scalability,DIVISION 23 OTHERS(RELEVANT),,
decentralization,DIVISION 16 STUDIES IN HUMAN SOCIETY,DIVISION 21 HISTORY AND ARCHAEOLOGY,
decentralization,DIVISION 16 STUDIES IN HUMAN SOCIETY,,
health policy,DIVISION 11 MEDICAL AND HEALTH SCIENCES,DIVISION 17 PSYCHOLOGY AND COGNITIVE SCIENCES,
health policy,DIVISION 11 MEDICAL AND HEALTH SCIENCES,,
fish,DIVISION 07 AGRICULTURAL AND VETERINARY SCIENCES,,
fish,DIVISION 07 AGRICULTURAL AND VETERINARY SCIENCES,,
rivers,DIVISION 04 EARTH SCIENCES,,
rivers,DIVISION 04 EARTH SCIENCES,,
breeding,DIVISION 07 AGRICULTURAL AND VETERINARY SCIENCES,DIVISION 10 TECHNOLOGY,
breeding,DIVISION 07 AGRICULTURAL AND VETERINARY SCIENCES,,
sports,DIVISION 13 EDUCATION,,
sports,DIVISION 24 OTHERS(IRRELEVANT),,
trauma,DIVISION 17 PSYCHOLOGY AND COGNITIVE SCIENCES,,
trauma,DIVISION 17 PSYCHOLOGY AND COGNITIVE SCIENCES,,
curriculum,DIVISION 13 EDUCATION,,
curriculum,DIVISION 13 EDUCATION,,
personality,DIVISION 17 PSYCHOLOGY AND COGNITIVE SCIENCES,,
personality,DIVISION 17 PSYCHOLOGY AND COGNITIVE SCIENCES,,
democracy,DIVISION 16 STUDIES IN HUMAN SOCIETY,,
democracy,DIVISION 16 STUDIES IN HUMAN SOCIETY,,
social justice,DIVISION 16 STUDIES IN HUMAN SOCIETY,,
social justice,DIVISION 22 PHILOSOPHY AND RELIGIOUS STUDIES,,
personnel,DIVISION 24 OTHERS(IRRELEVANT),,
personnel,"DIVISION 15 COMMERCE, MANAGEMENT, TOURISM AND SERVICES",,
cooking,DIVISION 24 OTHERS(IRRELEVANT),,
cooking,DIVISION 24 OTHERS(IRRELEVANT),,
architecture,DIVISION 12 BUILT ENVIRONMENT AND DESIGN,,
architecture,DIVISION 12 BUILT ENVIRONMENT AND DESIGN,,
architecture,DIVISION 12 BUILT ENVIRONMENT AND DESIGN,,
financing,DIVISION 14 ECONOMICS,,
financing,"DIVISION 15 COMMERCE, MANAGEMENT, TOURISM AND SERVICES",,
middle east,DIVISION 24 OTHERS(IRRELEVANT),,
middle east,DIVISION 24 OTHERS(IRRELEVANT),,
middle east,DIVISION 24 OTHERS(IRRELEVANT),,
innovation,DIVISION 24 OTHERS(IRRELEVANT),,
innovation,DIVISION 24 OTHERS(IRRELEVANT),,
history,DIVISION 13 EDUCATION,DIVISION 21 HISTORY AND ARCHAEOLOGY,
history,DIVISION 21 HISTORY AND ARCHAEOLOGY,,
young adult,DIVISION 13 EDUCATION,,
young adult,DIVISION 11 MEDICAL AND HEALTH SCIENCES,,
weights and measures,DIVISION 23 OTHERS(RELEVANT),,
weights and measures,DIVISION 11 MEDICAL AND HEALTH SCIENCES,,
weights and measures,DIVISION 16 STUDIES IN HUMAN SOCIETY,DIVISION 21 HISTORY AND ARCHAEOLOGY,DIVISION 23 OTHERS(RELEVANT)
inclusion,DIVISION 17 PSYCHOLOGY AND COGNITIVE SCIENCES,,
inclusion,DIVISION 24 OTHERS(IRRELEVANT),,
cognition,DIVISION 17 PSYCHOLOGY AND COGNITIVE SCIENCES,,
cognition,DIVISION 17 PSYCHOLOGY AND COGNITIVE SCIENCES,,
corporate social responsibility,"DIVISION 15 COMMERCE, MANAGEMENT, TOURISM AND SERVICES",,
corporate social responsibility,DIVISION 16 STUDIES IN HUMAN SOCIETY,,
testing,DIVISION 23 OTHERS(RELEVANT),,
testing,DIVISION 08 INFORMATION AND COMPUTING SCIENCES,,
privacy,DIVISION 08 INFORMATION AND COMPUTING SCIENCES,DIVISION 18 LAW AND LEGAL STUDIES COGNITIVE SCIENCES,
privacy,DIVISION 22 PHILOSOPHY AND RELIGIOUS STUDIES,,
genome,DIVISION 06 BIOLOGICAL SCIENCES,DIVISION 10 TECHNOLOGY,DIVISION 17 PSYCHOLOGY AND COGNITIVE SCIENCES
genome,DIVISION 06 BIOLOGICAL SCIENCES,,
risk management,DIVISION 24 OTHERS(IRRELEVANT),,
risk management,DIVISION 23 OTHERS(RELEVANT),,
drought,DIVISION 07 AGRICULTURAL AND VETERINARY SCIENCES,,
drought,DIVISION 05 ENVIRONMENTAL SCIENCES,,
happiness,DIVISION 17 PSYCHOLOGY AND COGNITIVE SCIENCES,,
happiness,DIVISION 17 PSYCHOLOGY AND COGNITIVE SCIENCES,,
conceptual framework,DIVISION 23 OTHERS(RELEVANT),,
conceptual framework,DIVISION 08 INFORMATION AND COMPUTING SCIENCES,,
malathion,DIVISION 05 ENVIRONMENTAL SCIENCES,,
malathion,DIVISION 05 ENVIRONMENTAL SCIENCES,,
smoking,DIVISION 11 MEDICAL AND HEALTH SCIENCES,,
smoking,DIVISION 11 MEDICAL AND HEALTH SCIENCES,,
citizenship,DIVISION 16 STUDIES IN HUMAN SOCIETY,,
citizenship,DIVISION 16 STUDIES IN HUMAN SOCIETY,,
psychometrics,DIVISION 17 PSYCHOLOGY AND COGNITIVE SCIENCES,,
psychometrics,DIVISION 17 PSYCHOLOGY AND COGNITIVE SCIENCES,,
acceptance,DIVISION 23 OTHERS(RELEVANT),,
acceptance,DIVISION 24 OTHERS(IRRELEVANT),,
acculturation,"DIVISION 20 LANGUAGE, COMMUNICATION AND CULTURE",,
acculturation,DIVISION 16 STUDIES IN HUMAN SOCIETY,"DIVISION 20 LANGUAGE, COMMUNICATION AND CULTURE",
air,DIVISION 05 ENVIRONMENTAL SCIENCES,,
air,DIVISION 04 EARTH SCIENCES,,
amphibians,DIVISION 06 BIOLOGICAL SCIENCES,,
amphibians,DIVISION 06 BIOLOGICAL SCIENCES,,
analysis of variance,DIVISION 01 MATHEMATICAL SCIENCES,DIVISION 23 OTHERS(RELEVANT),
analysis of variance,DIVISION 01 MATHEMATICAL SCIENCES,DIVISION 23 OTHERS(RELEVANT),
animals,DIVISION 07 AGRICULTURAL AND VETERINARY SCIENCES,,
animals,DIVISION 06 BIOLOGICAL SCIENCES,,
apathy,DIVISION 17 PSYCHOLOGY AND COGNITIVE SCIENCES,,
apathy,DIVISION 17 PSYCHOLOGY AND COGNITIVE SCIENCES,,
arsenic,DIVISION 02 PHYSICAL SCIENCES,,
arsenic,DIVISION 03 CHEMICAL SCIENCES,DIVISION 11 MEDICAL AND HEALTH SCIENCES,DIVISION 05 ENVIRONMENTAL SCIENCES
artifact,DIVISION 24 OTHERS(IRRELEVANT),,
artifact,DIVISION 19 STUDIES IN CREATIVE ARTS AND WRITING,DIVISION 21 HISTORY AND ARCHAEOLOGY,
artist,DIVISION 19 STUDIES IN CREATIVE ARTS AND WRITING,,
artist,DIVISION 19 STUDIES IN CREATIVE ARTS AND WRITING,,
assets,"DIVISION 15 COMMERCE, MANAGEMENT, TOURISM AND SERVICES",,
assets,"DIVISION 15 COMMERCE, MANAGEMENT, TOURISM AND SERVICES",,
audit,DIVISION 14 ECONOMICS,,
audit,"DIVISION 15 COMMERCE, MANAGEMENT, TOURISM AND SERVICES",,
banking,DIVISION 14 ECONOMICS,,
banking,"DIVISION 15 COMMERCE, MANAGEMENT, TOURISM AND SERVICES",,
capacity building,DIVISION 24 OTHERS(IRRELEVANT),,
capacity building,DIVISION 13 EDUCATION,"DIVISION 15 COMMERCE, MANAGEMENT, TOURISM AND SERVICES",DIVISION 17 PSYCHOLOGY AND COGNITIVE SCIENCES
carbon,DIVISION 03 CHEMICAL SCIENCES,DIVISION 04 EARTH SCIENCES,DIVISION 05 ENVIRONMENTAL SCIENCES
carbon,DIVISION 03 CHEMICAL SCIENCES,DIVISION 04 EARTH SCIENCES,DIVISION 05 ENVIRONMENTAL SCIENCES
census,DIVISION 16 STUDIES IN HUMAN SOCIETY,,
census,DIVISION 16 STUDIES IN HUMAN SOCIETY,,
climate,DIVISION 04 EARTH SCIENCES,,
climate,DIVISION 04 EARTH SCIENCES,DIVISION 05 ENVIRONMENTAL SCIENCES,
climate change,DIVISION 05 ENVIRONMENTAL SCIENCES,,
climate change,DIVISION 05 ENVIRONMENTAL SCIENCES,DIVISION 04 EARTH SCIENCES,
clinical trials,DIVISION 11 MEDICAL AND HEALTH SCIENCES,DIVISION 17 PSYCHOLOGY AND COGNITIVE SCIENCES,
clinical trials,DIVISION 11 MEDICAL AND HEALTH SCIENCES,DIVISION 17 PSYCHOLOGY AND COGNITIVE SCIENCES,
coast,DIVISION 04 EARTH SCIENCES,,
coast,DIVISION 04 EARTH SCIENCES,,
communication,DIVISION 10 TECHNOLOGY,"DIVISION 20 LANGUAGE, COMMUNICATION AND CULTURE",
communication,DIVISION 10 TECHNOLOGY,"DIVISION 20 LANGUAGE, COMMUNICATION AND CULTURE",
connectivity,DIVISION 24 OTHERS(IRRELEVANT),,
connectivity,DIVISION 23 OTHERS(RELEVANT),,
copper,DIVISION 03 CHEMICAL SCIENCES,,DIVISION 03 CHEMICAL SCIENCES
copper,DIVISION 03 CHEMICAL SCIENCES,,
costs,DIVISION 24 OTHERS(IRRELEVANT),,
costs,DIVISION 24 OTHERS(IRRELEVANT),,
crime,DIVISION 16 STUDIES IN HUMAN SOCIETY,,
crime,DIVISION 16 STUDIES IN HUMAN SOCIETY,,
data analysis,DIVISION 08 INFORMATION AND COMPUTING SCIENCES,,
data analysis,DIVISION 23 OTHERS(RELEVANT),,
data analysis,DIVISION 23 OTHERS(RELEVANT),,
deep learning,DIVISION 08 INFORMATION AND COMPUTING SCIENCES,,
deep learning,DIVISION 08 INFORMATION AND COMPUTING SCIENCES,,
developing countries,DIVISION 16 STUDIES IN HUMAN SOCIETY,DIVISION 14 ECONOMICS,
developing countries,DIVISION 16 STUDIES IN HUMAN SOCIETY,DIVISION 14 ECONOMICS,
digital divide,DIVISION 16 STUDIES IN HUMAN SOCIETY,"DIVISION 20 LANGUAGE, COMMUNICATION AND CULTURE",
digital divide,DIVISION 16 STUDIES IN HUMAN SOCIETY,"DIVISION 20 LANGUAGE, COMMUNICATION AND CULTURE",
discourse,DIVISION 23 OTHERS(RELEVANT),,
discourse,DIVISION 19 STUDIES IN CREATIVE ARTS AND WRITING,DIVISION 23 OTHERS(RELEVANT),
domestic violence,DIVISION 18 LAW AND LEGAL STUDIES COGNITIVE SCIENCES,,
domestic violence,DIVISION 16 STUDIES IN HUMAN SOCIETY,DIVISION 18 LAW AND LEGAL STUDIES COGNITIVE SCIENCES,DIVISION 17 PSYCHOLOGY AND COGNITIVE SCIENCES
ecology,DIVISION 06 BIOLOGICAL SCIENCES,DIVISION 10 TECHNOLOGY,
ecology,DIVISION 05 ENVIRONMENTAL SCIENCES,DIVISION 04 EARTH SCIENCES,
economics,DIVISION 14 ECONOMICS,,
economics,DIVISION 14 ECONOMICS,,
economy,DIVISION 14 ECONOMICS,,
economy,DIVISION 14 ECONOMICS,,
ecosystem,DIVISION 06 BIOLOGICAL SCIENCES,DIVISION 10 TECHNOLOGY,
ecosystem,DIVISION 05 ENVIRONMENTAL SCIENCES,DIVISION 04 EARTH SCIENCES,
ecosystems,DIVISION 06 BIOLOGICAL SCIENCES,DIVISION 10 TECHNOLOGY,
ecosystems,DIVISION 05 ENVIRONMENTAL SCIENCES,DIVISION 04 EARTH SCIENCES,
electronic mail,DIVISION 08 INFORMATION AND COMPUTING SCIENCES,DIVISION 10 TECHNOLOGY,
electronic mail,DIVISION 10 TECHNOLOGY,DIVISION 18 LAW AND LEGAL STUDIES COGNITIVE SCIENCES,
empowerment,DIVISION 18 LAW AND LEGAL STUDIES COGNITIVE SCIENCES,,
empowerment,"DIVISION 15 COMMERCE, MANAGEMENT, TOURISM AND SERVICES",DIVISION 18 LAW AND LEGAL STUDIES COGNITIVE SCIENCES,
environmental change,DIVISION 05 ENVIRONMENTAL SCIENCES,,
environmental change,DIVISION 05 ENVIRONMENTAL SCIENCES,DIVISION 04 EARTH SCIENCES,DIVISION 06 BIOLOGICAL SCIENCES
ethnography,DIVISION 21 HISTORY AND ARCHAEOLOGY,,
ethnography,DIVISION 16 STUDIES IN HUMAN SOCIETY,,
evaluation,DIVISION 24 OTHERS(IRRELEVANT),,
evaluation,DIVISION 23 OTHERS(RELEVANT),,
exercise,DIVISION 13 EDUCATION,,
exercise,DIVISION 13 EDUCATION,,
exercise equipment,DIVISION 11 MEDICAL AND HEALTH SCIENCES,,
exercise equipment,DIVISION 23 OTHERS(RELEVANT),,
experiment,DIVISION 23 OTHERS(RELEVANT),,
experiment,DIVISION 23 OTHERS(RELEVANT),,
expertise,DIVISION 24 OTHERS(IRRELEVANT),,
expertise,DIVISION 23 OTHERS(RELEVANT),,
fairness,DIVISION 23 OTHERS(RELEVANT),,
fairness,DIVISION 18 LAW AND LEGAL STUDIES COGNITIVE SCIENCES,,
finance,"DIVISION 15 COMMERCE, MANAGEMENT, TOURISM AND SERVICES",,
finance,"DIVISION 15 COMMERCE, MANAGEMENT, TOURISM AND SERVICES",,
financial performance,"DIVISION 15 COMMERCE, MANAGEMENT, TOURISM AND SERVICES",,
financial performance,"DIVISION 15 COMMERCE, MANAGEMENT, TOURISM AND SERVICES",,
food,DIVISION 23 OTHERS(RELEVANT),,
food,DIVISION 09 ENGINEERING,DIVISION 10 TECHNOLOGY,
funding,"DIVISION 15 COMMERCE, MANAGEMENT, TOURISM AND SERVICES",,
funding,"DIVISION 15 COMMERCE, MANAGEMENT, TOURISM AND SERVICES",,
gender,DIVISION 06 BIOLOGICAL SCIENCES,,
gender,DIVISION 16 STUDIES IN HUMAN SOCIETY,DIVISION 23 OTHERS(RELEVANT),
genes,DIVISION 10 TECHNOLOGY,,
genes,DIVISION 06 BIOLOGICAL SCIENCES,,
genetic variation,DIVISION 06 BIOLOGICAL SCIENCES,,
genetic variation,DIVISION 06 BIOLOGICAL SCIENCES,,
geographic information systems,DIVISION 04 EARTH SCIENCES,DIVISION 08 INFORMATION AND COMPUTING SCIENCES,
geographic information systems,DIVISION 04 EARTH SCIENCES,,
geography,DIVISION 04 EARTH SCIENCES,,
geography,DIVISION 04 EARTH SCIENCES,,
gold,DIVISION 23 OTHERS(RELEVANT),,
gold,DIVISION 23 OTHERS(RELEVANT),,
governance,DIVISION 23 OTHERS(RELEVANT),,
governance,DIVISION 16 STUDIES IN HUMAN SOCIETY,,
groundwater,DIVISION 04 EARTH SCIENCES,,
groundwater,DIVISION 04 EARTH SCIENCES,,
health behavior,DIVISION 11 MEDICAL AND HEALTH SCIENCES,DIVISION 17 PSYCHOLOGY AND COGNITIVE SCIENCES,
health behavior,DIVISION 11 MEDICAL AND HEALTH SCIENCES,,
health care,DIVISION 11 MEDICAL AND HEALTH SCIENCES,DIVISION 17 PSYCHOLOGY AND COGNITIVE SCIENCES,
health care,DIVISION 11 MEDICAL AND HEALTH SCIENCES,,
health promotion,DIVISION 11 MEDICAL AND HEALTH SCIENCES,DIVISION 17 PSYCHOLOGY AND COGNITIVE SCIENCES,
health promotion,DIVISION 11 MEDICAL AND HEALTH SCIENCES,,
health services,DIVISION 11 MEDICAL AND HEALTH SCIENCES,DIVISION 17 PSYCHOLOGY AND COGNITIVE SCIENCES,
health services,DIVISION 11 MEDICAL AND HEALTH SCIENCES,,
heart rate,DIVISION 11 MEDICAL AND HEALTH SCIENCES,DIVISION 06 BIOLOGICAL SCIENCES,
heart rate,DIVISION 11 MEDICAL AND HEALTH SCIENCES,DIVISION 06 BIOLOGICAL SCIENCES,
honey,DIVISION 09 ENGINEERING,,
honey,DIVISION 07 AGRICULTURAL AND VETERINARY SCIENCES,DIVISION 09 ENGINEERING,DIVISION 11 MEDICAL AND HEALTH SCIENCES
household,DIVISION 24 OTHERS(IRRELEVANT),,
household,DIVISION 24 OTHERS(IRRELEVANT),,
human rights,DIVISION 16 STUDIES IN HUMAN SOCIETY,,
human rights,DIVISION 16 STUDIES IN HUMAN SOCIETY,,
ice,DIVISION 04 EARTH SCIENCES,DIVISION 06 BIOLOGICAL SCIENCES,
ice,DIVISION 04 EARTH SCIENCES,,
ideology,"DIVISION 20 LANGUAGE, COMMUNICATION AND CULTURE",DIVISION 16 STUDIES IN HUMAN SOCIETY,
ideology,DIVISION 17 PSYCHOLOGY AND COGNITIVE SCIENCES,"DIVISION 20 LANGUAGE, COMMUNICATION AND CULTURE",DIVISION 19 STUDIES IN CREATIVE ARTS AND WRITING
information systems,DIVISION 08 INFORMATION AND COMPUTING SCIENCES,,
information systems,DIVISION 08 INFORMATION AND COMPUTING SCIENCES,,
intellectual disability,DIVISION 11 MEDICAL AND HEALTH SCIENCES,,
intellectual disability,DIVISION 11 MEDICAL AND HEALTH SCIENCES,,
intelligence,DIVISION 08 INFORMATION AND COMPUTING SCIENCES,DIVISION 06 BIOLOGICAL SCIENCES,
intelligence,DIVISION 17 PSYCHOLOGY AND COGNITIVE SCIENCES,DIVISION 08 INFORMATION AND COMPUTING SCIENCES,DIVISION 06 BIOLOGICAL SCIENCES
interaction,DIVISION 02 PHYSICAL SCIENCES,,
interaction,DIVISION 23 OTHERS(RELEVANT),,
invertebrates,DIVISION 07 AGRICULTURAL AND VETERINARY SCIENCES,,
invertebrates,DIVISION 06 BIOLOGICAL SCIENCES,,
journalism,DIVISION 19 STUDIES IN CREATIVE ARTS AND WRITING,"DIVISION 20 LANGUAGE, COMMUNICATION AND CULTURE",
journalism,DIVISION 19 STUDIES IN CREATIVE ARTS AND WRITING,"DIVISION 20 LANGUAGE, COMMUNICATION AND CULTURE",
jurisdiction,DIVISION 18 LAW AND LEGAL STUDIES COGNITIVE SCIENCES,,
jurisdiction,DIVISION 18 LAW AND LEGAL STUDIES COGNITIVE SCIENCES,DIVISION 16 STUDIES IN HUMAN SOCIETY,
jurisprudence,DIVISION 18 LAW AND LEGAL STUDIES COGNITIVE SCIENCES,,
jurisprudence,DIVISION 16 STUDIES IN HUMAN SOCIETY,,
law enforcement,DIVISION 18 LAW AND LEGAL STUDIES COGNITIVE SCIENCES,,
law enforcement,DIVISION 18 LAW AND LEGAL STUDIES COGNITIVE SCIENCES,DIVISION 16 STUDIES IN HUMAN SOCIETY,
legislation,DIVISION 18 LAW AND LEGAL STUDIES COGNITIVE SCIENCES,,
legislation,DIVISION 18 LAW AND LEGAL STUDIES COGNITIVE SCIENCES,,
linguistics,"DIVISION 20 LANGUAGE, COMMUNICATION AND CULTURE",,
linguistics,"DIVISION 20 LANGUAGE, COMMUNICATION AND CULTURE",,
literacy,DIVISION 24 OTHERS(IRRELEVANT),,
literacy,DIVISION 11 MEDICAL AND HEALTH SCIENCES,DIVISION 17 PSYCHOLOGY AND COGNITIVE SCIENCES,DIVISION 13 EDUCATION
literature review,DIVISION 24 OTHERS(IRRELEVANT),,
literature review,"DIVISION 20 LANGUAGE, COMMUNICATION AND CULTURE",DIVISION 23 OTHERS(RELEVANT),
low income,DIVISION 14 ECONOMICS,,
low income,DIVISION 16 STUDIES IN HUMAN SOCIETY,DIVISION 14 ECONOMICS,
mammals,DIVISION 07 AGRICULTURAL AND VETERINARY SCIENCES,,
mammals,DIVISION 06 BIOLOGICAL SCIENCES,,
managers,DIVISION 24 OTHERS(IRRELEVANT),,
managers,"DIVISION 15 COMMERCE, MANAGEMENT, TOURISM AND SERVICES",,
manipulation,DIVISION 24 OTHERS(IRRELEVANT),,
manipulation,DIVISION 17 PSYCHOLOGY AND COGNITIVE SCIENCES,DIVISION 14 ECONOMICS,
mathematics,DIVISION 01 MATHEMATICAL SCIENCES,,
mathematics,DIVISION 01 MATHEMATICAL SCIENCES,,
medicine,DIVISION 11 MEDICAL AND HEALTH SCIENCES,,
medicine,DIVISION 11 MEDICAL AND HEALTH SCIENCES,,
mental health,DIVISION 17 PSYCHOLOGY AND COGNITIVE SCIENCES,,
mental health,DIVISION 11 MEDICAL AND HEALTH SCIENCES,DIVISION 17 PSYCHOLOGY AND COGNITIVE SCIENCES,
mentoring,DIVISION 13 EDUCATION,,
mentoring,"DIVISION 15 COMMERCE, MANAGEMENT, TOURISM AND SERVICES",DIVISION 24 OTHERS(IRRELEVANT),
meta-analysis,DIVISION 08 INFORMATION AND COMPUTING SCIENCES,,
meta-analysis,DIVISION 01 MATHEMATICAL SCIENCES,,
military personnel,DIVISION 23 OTHERS(RELEVANT),,
military personnel,DIVISION 23 OTHERS(RELEVANT),,
mitigation,DIVISION 24 OTHERS(IRRELEVANT),,
mitigation,DIVISION 11 MEDICAL AND HEALTH SCIENCES,DIVISION 17 PSYCHOLOGY AND COGNITIVE SCIENCES,DIVISION 23 OTHERS(RELEVANT)
modeling,DIVISION 23 OTHERS(RELEVANT),,
modeling,DIVISION 23 OTHERS(RELEVANT),,
monitoring,DIVISION 08 INFORMATION AND COMPUTING SCIENCES,,
monitoring,DIVISION 23 OTHERS(RELEVANT),,
multimedia,DIVISION 08 INFORMATION AND COMPUTING SCIENCES,,
multimedia,DIVISION 19 STUDIES IN CREATIVE ARTS AND WRITING,"DIVISION 20 LANGUAGE, COMMUNICATION AND CULTURE",
music,DIVISION 19 STUDIES IN CREATIVE ARTS AND WRITING,,
music,DIVISION 19 STUDIES IN CREATIVE ARTS AND WRITING,,
neoplasms,DIVISION 11 MEDICAL AND HEALTH SCIENCES,,
neoplasms,DIVISION 11 MEDICAL AND HEALTH SCIENCES,DIVISION 06 BIOLOGICAL SCIENCES,
networking,DIVISION 10 TECHNOLOGY,,
networking,DIVISION 10 TECHNOLOGY,,
nursing,DIVISION 11 MEDICAL AND HEALTH SCIENCES,,
nursing,DIVISION 11 MEDICAL AND HEALTH SCIENCES,,
obesity,DIVISION 11 MEDICAL AND HEALTH SCIENCES,,
obesity,DIVISION 11 MEDICAL AND HEALTH SCIENCES,,
occupational stress,DIVISION 17 PSYCHOLOGY AND COGNITIVE SCIENCES,,
occupational stress,DIVISION 17 PSYCHOLOGY AND COGNITIVE SCIENCES,,
occupational therapy,DIVISION 17 PSYCHOLOGY AND COGNITIVE SCIENCES,DIVISION 11 MEDICAL AND HEALTH SCIENCES,
occupational therapy,DIVISION 17 PSYCHOLOGY AND COGNITIVE SCIENCES,DIVISION 11 MEDICAL AND HEALTH SCIENCES,
ontology,DIVISION 08 INFORMATION AND COMPUTING SCIENCES,,
ontology,DIVISION 08 INFORMATION AND COMPUTING SCIENCES,,
paradigm shift,DIVISION 23 OTHERS(RELEVANT),,
paradigm shift,DIVISION 01 MATHEMATICAL SCIENCES,DIVISION 23 OTHERS(RELEVANT),
peace,DIVISION 16 STUDIES IN HUMAN SOCIETY,,
peace,DIVISION 16 STUDIES IN HUMAN SOCIETY,,
performance,DIVISION 24 OTHERS(IRRELEVANT),,
performance,DIVISION 23 OTHERS(RELEVANT),,
photography,DIVISION 19 STUDIES IN CREATIVE ARTS AND WRITING,,
photography,DIVISION 19 STUDIES IN CREATIVE ARTS AND WRITING,,
phylogeny,DIVISION 06 BIOLOGICAL SCIENCES,,
phylogeny,DIVISION 06 BIOLOGICAL SCIENCES,,
physical therapy,DIVISION 11 MEDICAL AND HEALTH SCIENCES,,
physical therapy,DIVISION 11 MEDICAL AND HEALTH SCIENCES,,
poetry,DIVISION 19 STUDIES IN CREATIVE ARTS AND WRITING,,
poetry,"DIVISION 20 LANGUAGE, COMMUNICATION AND CULTURE",,
population genetics,DIVISION 06 BIOLOGICAL SCIENCES,,
population genetics,DIVISION 06 BIOLOGICAL SCIENCES,,
pregnancy,DIVISION 11 MEDICAL AND HEALTH SCIENCES,,
pregnancy,DIVISION 11 MEDICAL AND HEALTH SCIENCES,DIVISION 06 BIOLOGICAL SCIENCES,DIVISION 16 STUDIES IN HUMAN SOCIETY
productivity,DIVISION 24 OTHERS(IRRELEVANT),,
productivity,DIVISION 09 ENGINEERING,,
psychology,DIVISION 17 PSYCHOLOGY AND COGNITIVE SCIENCES,,
psychology,DIVISION 17 PSYCHOLOGY AND COGNITIVE SCIENCES,,
public policy,DIVISION 16 STUDIES IN HUMAN SOCIETY,,
public policy,DIVISION 16 STUDIES IN HUMAN SOCIETY,,
public sector,DIVISION 16 STUDIES IN HUMAN SOCIETY,,
public sector,DIVISION 16 STUDIES IN HUMAN SOCIETY,,
public space,DIVISION 16 STUDIES IN HUMAN SOCIETY,,
public space,DIVISION 16 STUDIES IN HUMAN SOCIETY,,
qualification,DIVISION 24 OTHERS(IRRELEVANT),,
qualification,DIVISION 24 OTHERS(IRRELEVANT),,
qualitative research,DIVISION 23 OTHERS(RELEVANT),,
qualitative research,DIVISION 23 OTHERS(RELEVANT),,
quality control,DIVISION 23 OTHERS(RELEVANT),,
quality control,"DIVISION 15 COMMERCE, MANAGEMENT, TOURISM AND SERVICES",DIVISION 09 ENGINEERING,DIVISION 12 BUILT ENVIRONMENT AND DESIGN
quality of life,DIVISION 16 STUDIES IN HUMAN SOCIETY,,
quality of life,DIVISION 16 STUDIES IN HUMAN SOCIETY,,
reflexivity,DIVISION 01 MATHEMATICAL SCIENCES,,
reflexivity,DIVISION 01 MATHEMATICAL SCIENCES,DIVISION 23 OTHERS(RELEVANT),
rehabilitation,DIVISION 11 MEDICAL AND HEALTH SCIENCES,,
rehabilitation,DIVISION 11 MEDICAL AND HEALTH SCIENCES,,
research practice,DIVISION 24 OTHERS(IRRELEVANT),,
research practice,DIVISION 23 OTHERS(RELEVANT),,
resilience,DIVISION 11 MEDICAL AND HEALTH SCIENCES,DIVISION 02 PHYSICAL SCIENCES,DIVISION 06 BIOLOGICAL SCIENCES
resilience,DIVISION 11 MEDICAL AND HEALTH SCIENCES,DIVISION 02 PHYSICAL SCIENCES,DIVISION 06 BIOLOGICAL SCIENCES
restoration,DIVISION 05 ENVIRONMENTAL SCIENCES,,
restoration,"DIVISION 15 COMMERCE, MANAGEMENT, TOURISM AND SERVICES",DIVISION 06 BIOLOGICAL SCIENCES,DIVISION 10 TECHNOLOGY
roads,"DIVISION 15 COMMERCE, MANAGEMENT, TOURISM AND SERVICES",,
roads,"DIVISION 15 COMMERCE, MANAGEMENT, TOURISM AND SERVICES",,
safety,DIVISION 16 STUDIES IN HUMAN SOCIETY,,
safety,DIVISION 23 OTHERS(RELEVANT),,
sampling,DIVISION 23 OTHERS(RELEVANT),,
sampling,DIVISION 23 OTHERS(RELEVANT),,
sanitation,DIVISION 11 MEDICAL AND HEALTH SCIENCES,,
sanitation,DIVISION 11 MEDICAL AND HEALTH SCIENCES,,
sea level,DIVISION 04 EARTH SCIENCES,,
sea level,DIVISION 04 EARTH SCIENCES,,
search engine,DIVISION 08 INFORMATION AND COMPUTING SCIENCES,,
search engine,DIVISION 08 INFORMATION AND COMPUTING SCIENCES,,
sediments,DIVISION 04 EARTH SCIENCES,,
sediments,DIVISION 04 EARTH SCIENCES,,
semantics,"DIVISION 20 LANGUAGE, COMMUNICATION AND CULTURE",,
semantics,"DIVISION 20 LANGUAGE, COMMUNICATION AND CULTURE",,
sex chromosomes,DIVISION 11 MEDICAL AND HEALTH SCIENCES,DIVISION 06 BIOLOGICAL SCIENCES,
sex chromosomes,DIVISION 11 MEDICAL AND HEALTH SCIENCES,DIVISION 06 BIOLOGICAL SCIENCES,
simulation,DIVISION 08 INFORMATION AND COMPUTING SCIENCES,DIVISION 09 ENGINEERING,DIVISION 10 TECHNOLOGY
simulation,DIVISION 23 OTHERS(RELEVANT),,
snow,DIVISION 04 EARTH SCIENCES,,
snow,DIVISION 04 EARTH SCIENCES,,
social change,DIVISION 16 STUDIES IN HUMAN SOCIETY,DIVISION 21 HISTORY AND ARCHAEOLOGY,
social change,DIVISION 16 STUDIES IN HUMAN SOCIETY,,
sociology,DIVISION 16 STUDIES IN HUMAN SOCIETY,,
sociology,DIVISION 16 STUDIES IN HUMAN SOCIETY,,
software,DIVISION 08 INFORMATION AND COMPUTING SCIENCES,,
software,DIVISION 08 INFORMATION AND COMPUTING SCIENCES,,
song,DIVISION 19 STUDIES IN CREATIVE ARTS AND WRITING,,
song,DIVISION 19 STUDIES IN CREATIVE ARTS AND WRITING,,
spatial distribution,DIVISION 23 OTHERS(RELEVANT),,
spatial distribution,DIVISION 01 MATHEMATICAL SCIENCES,DIVISION 23 OTHERS(RELEVANT),
students,DIVISION 13 EDUCATION,,
students,DIVISION 24 OTHERS(IRRELEVANT),,
surveillance,DIVISION 10 TECHNOLOGY,,
surveillance,DIVISION 23 OTHERS(RELEVANT),,
sustainability,DIVISION 16 STUDIES IN HUMAN SOCIETY,,
sustainability,DIVISION 16 STUDIES IN HUMAN SOCIETY,DIVISION 14 ECONOMICS,
sustainable development,DIVISION 05 ENVIRONMENTAL SCIENCES,,
sustainable development,DIVISION 16 STUDIES IN HUMAN SOCIETY,DIVISION 14 ECONOMICS,
sustainable development,DIVISION 16 STUDIES IN HUMAN SOCIETY,DIVISION 14 ECONOMICS,
terrorism,DIVISION 16 STUDIES IN HUMAN SOCIETY,,
terrorism,DIVISION 16 STUDIES IN HUMAN SOCIETY,,
therapy,DIVISION 11 MEDICAL AND HEALTH SCIENCES,,
therapy,DIVISION 11 MEDICAL AND HEALTH SCIENCES,,
threat,DIVISION 23 OTHERS(RELEVANT),,
threat,DIVISION 23 OTHERS(RELEVANT),,
tourism,,,
tourism,"DIVISION 15 COMMERCE, MANAGEMENT, TOURISM AND SERVICES",,
traffic,,,
traffic,"DIVISION 15 COMMERCE, MANAGEMENT, TOURISM AND SERVICES",,
trajectories,DIVISION 09 ENGINEERING,,
trajectories,DIVISION 09 ENGINEERING,DIVISION 10 TECHNOLOGY,
travel behavior,,,
travel behavior,DIVISION 23 OTHERS(RELEVANT),,
uncertainty,DIVISION 23 OTHERS(RELEVANT),,
uncertainty,DIVISION 24 OTHERS(IRRELEVANT),,
urban design,,,
urban design,DIVISION 16 STUDIES IN HUMAN SOCIETY,DIVISION 12 BUILT ENVIRONMENT AND DESIGN,
urbanization,DIVISION 21 HISTORY AND ARCHAEOLOGY,,
urbanization,DIVISION 14 ECONOMICS,DIVISION 16 STUDIES IN HUMAN SOCIETY,
vegetables,,,
vegetables,DIVISION 09 ENGINEERING,DIVISION 07 AGRICULTURAL AND VETERINARY SCIENCES,
vertebrates,,,
vertebrates,DIVISION 06 BIOLOGICAL SCIENCES,,
violence,DIVISION 18 LAW AND LEGAL STUDIES COGNITIVE SCIENCES,,
violence,DIVISION 16 STUDIES IN HUMAN SOCIETY,DIVISION 17 PSYCHOLOGY AND COGNITIVE SCIENCES,
virtual reality,DIVISION 08 INFORMATION AND COMPUTING SCIENCES,,
virtual reality,DIVISION 08 INFORMATION AND COMPUTING SCIENCES,,
visualization,DIVISION 23 OTHERS(RELEVANT),,
visualization,DIVISION 08 INFORMATION AND COMPUTING SCIENCES,,
vulnerability,DIVISION 11 MEDICAL AND HEALTH SCIENCES,,
vulnerability,DIVISION 11 MEDICAL AND HEALTH SCIENCES,DIVISION 23 OTHERS(RELEVANT),
walking,DIVISION 24 OTHERS(IRRELEVANT),,
walking,DIVISION 13 EDUCATION,,
well-being,DIVISION 16 STUDIES IN HUMAN SOCIETY,,
well-being,DIVISION 16 STUDIES IN HUMAN SOCIETY,,
wetlands,DIVISION 04 EARTH SCIENCES,,
wetlands,DIVISION 04 EARTH SCIENCES,,
workplace,DIVISION 16 STUDIES IN HUMAN SOCIETY,,
workplace,DIVISION 24 OTHERS(IRRELEVANT),,
